dataset,gene_set,mode,ncomp,time_med_s_py,time_min_s_py,time_max_s_py,time_iqr_s_py,heap_peak_mb_py,n_rows_py,n_cols_py,time_med_s_r,time_min_s_r,time_max_s_r,time_iqr_s_r,heap_peak_mb_r,n_rows_r,n_cols_r,speedup,mem_ratio,n_rows,n_cols
bulk,Panchy_E,single,1,0.0037502999766729,0.0034449999802745,0.0061448999913409,0.0005623999750241,1.1291046142578125,120,223,0.0,0.0,0.02,0.01,41.8,120,223,0.0,37.02048461424111,120,223
bulk,Panchy_E,single,2,0.0066539999679662,0.0063927000155672,0.009167400014121,0.0004177999799139,1.1836013793945312,120,223,0.02,0.0,0.02,0.02,52.6,120,223,3.005710865086315,44.44063762996577,120,223
bulk,Panchy_E,single,3,0.0097424999694339,0.0093619999825023,0.0144086999935098,0.0008453000336885,1.1870574951171875,120,223,0.03,0.0,0.03,0.01,62.4,120,223,3.0792917725554982,52.56695674529211,120,223
bulk,Panchy_M,single,1,0.0034158999915234,0.0033198000164702,0.0036457999958656,0.0002082000137306,0.8558273315429688,120,176,0.0,0.0,0.02,0.0,42.9,120,176,0.0,50.12693380878092,120,176
bulk,Panchy_M,single,2,0.0061060999869368,0.0057067000307142,0.0067885000025853,0.0003067000652663,0.8586273193359375,120,176,0.0199999999999998,0.0,0.02,0.02,49.6,120,176,3.275413118485969,57.76662223880862,120,176
bulk,Panchy_M,single,3,0.0094930999912321,0.0090760000166483,0.0111201999825425,0.0002372000017203,0.8613357543945312,120,176,0.02,0.0100000000000002,0.0299999999999998,0.0099999999999997,64.7,120,176,2.1067933571196082,75.1158879332489,120,176
bulk,BOWIE_RESPONSE_TO_EXTRACELLULAR_MATRIX,multi,1,0.00191970000742,0.0018727999995462,0.0021570000099018,0.000103700091131,0.0853118896484375,120,17,0.0,0.0,0.0,0.0,33.7,120,17,0.0,395.02114111965665,120,17
bulk,BOWIE_RESPONSE_TO_EXTRACELLULAR_MATRIX,multi,2,0.0043745000148192,0.0037594000459648,0.0047660000273026,0.0006089999806135,0.0856857299804687,120,17,0.0,0.0,0.02,0.02,35.0,120,17,0.0,408.4694150120206,120,17
bulk,BOWIE_RESPONSE_TO_EXTRACELLULAR_MATRIX,multi,3,0.0079013999784365,0.0063818999915383,0.0090439000050537,0.0008866999996826,0.085968017578125,120,17,0.0,0.0,0.02,0.0100000000000002,38.4,120,17,0.0,446.6777422790202,120,17
bulk,BOWIE_RESPONSE_TO_TAMOXIFEN,multi,1,0.0019043000065721,0.0017987000173889,0.0020234999828971,0.0001420999760739,0.0902023315429687,120,18,0.0,0.0,0.02,0.0100000000000002,33.5,120,18,0.0,371.38729594857506,120,18
bulk,BOWIE_RESPONSE_TO_TAMOXIFEN,multi,2,0.0073174000135622,0.0043733000056818,0.0082595000276342,0.0025480000767856,0.0905914306640625,120,18,0.0,0.0,0.0,0.0,36.1,120,18,0.0,398.49243725787437,120,18
bulk,BOWIE_RESPONSE_TO_TAMOXIFEN,multi,3,0.0122990000527352,0.010194499976933,0.0165199000039137,0.0017648999928496,0.0908889770507812,120,18,0.0199999999999996,0.0,0.0200000000000005,0.0199999999999996,40.4,120,18,1.6261484603824974,444.49834634433,120,18
bulk,FOROUTAN_INTEGRATED_TGFB_EMT_UP,multi,1,0.002784900018014,0.0024332999601028,0.0040458000148646,5.209993105381727e-05,0.5644760131835938,120,118,0.0,0.0,0.0099999999999997,0.0,38.2,120,118,0.0,67.67338045872924,120,118
bulk,FOROUTAN_INTEGRATED_TGFB_EMT_UP,multi,2,0.0058554999995976,0.0052175000309944,0.008575199986808,0.0010551999439485,0.5663909912109375,120,118,0.0,0.0,0.0199999999999996,0.0100000000000007,44.8,120,118,0.0,79.0973032678682,120,118
bulk,FOROUTAN_INTEGRATED_TGFB_EMT_UP,multi,3,0.0092156000318937,0.0084107000147923,0.0102737999986857,0.0009125000215135,0.5682144165039062,120,118,0.0099999999999997,0.0099999999999997,0.0200000000000005,8.881784197001249e-16,58.8,120,118,1.0851165377611136,103.48206291875344,120,118
bulk,FOROUTAN_PRODRANK_TGFB_EMT_UP,multi,1,0.0033190000103786,0.0031850999803282,0.0039265999803319,0.0003123000496998,0.8841552734375,120,181,0.0,0.0,0.0100000000000007,0.0,42.8,120,181,0.0,48.407786828662154,120,181
bulk,FOROUTAN_PRODRANK_TGFB_EMT_UP,multi,2,0.0063097000238485,0.0061338000232353,0.0086025000200606,5.70000265724957e-05,0.8870315551757812,120,181,0.0199999999999996,0.0099999999999997,0.0200000000000005,0.0100000000000007,51.5,120,181,3.169722795759936,58.05881391648389,120,181
bulk,FOROUTAN_PRODRANK_TGFB_EMT_UP,multi,3,0.0112618000130169,0.010860499984119,0.0137159999576397,0.0004429000546224,0.8898162841796875,120,181,0.0199999999999996,0.0100000000000007,0.0299999999999994,0.0099999999999989,69.1,120,181,1.775915038171757,77.6564794649747,120,181
bulk,FOROUTAN_TGFB_EMT_DN,multi,1,0.0021550999954342,0.0019517999608069,0.0027016999665647,0.0004734999965876,0.48919677734375,120,101,0.0,0.0,0.0,0.0,36.9,120,101,0.0,75.42976918278228,120,101
bulk,FOROUTAN_TGFB_EMT_DN,multi,2,0.0060468000010587,0.0052866999758407,0.0077839000150561,0.001280200027395,0.4908523559570312,120,101,0.0099999999999997,0.0,0.0200000000000005,0.0199999999999996,48.8,120,101,1.6537672815784972,99.41889736854377,120,101
bulk,FOROUTAN_TGFB_EMT_DN,multi,3,0.0084784000064246,0.0076561999740079,0.0100530000054277,0.0009064000332728,0.4924163818359375,120,101,0.0300000000000002,0.0099999999999997,0.0499999999999998,0.0100000000000007,52.1,120,101,3.5384034696720343,105.80476588887856,120,101
bulk,FOROUTAN_TGFB_EMT_UP,multi,1,0.003259299963247,0.0030414999928325,0.004170200030785,0.0002781000221148,0.9224777221679688,120,188,0.0199999999999996,0.0199999999999996,0.0200000000000014,0.0,43.4,120,188,6.13628700197176,47.04720662305332,120,188
bulk,FOROUTAN_TGFB_EMT_UP,multi,2,0.0064298000070266,0.0063709000241942,0.0087136999936774,0.0001584999263286,0.9254608154296876,120,188,0.0100000000000016,0.0,0.0300000000000011,0.0099999999999997,54.3,120,188,1.5552583267089835,58.67347281990403,120,188
bulk,FOROUTAN_TGFB_EMT_UP,multi,3,0.011966600024607,0.011118600028567,0.0122255000169388,0.0004248000332154,0.9283523559570312,120,188,0.0400000000000009,0.0399999999999991,0.0600000000000005,0.009999999999998,69.1,120,188,3.3426369994608858,74.43294515988526,120,188
bulk,GOTZMANN_EPITHELIAL_TO_MESENCHYMAL_TRANSITION_UP,multi,1,0.0016810999950394,0.0016495000454597,0.0017968000029213,0.0001333999680355,0.3485260009765625,120,67,0.0099999999999997,0.0,0.0199999999999996,0.0,34.8,120,67,5.948486127837583,99.8490784116282,120,67
bulk,GOTZMANN_EPITHELIAL_TO_MESENCHYMAL_TRANSITION_UP,multi,2,0.0038912999443709,0.0036938000121153,0.005903200013563,0.0001287999912165,0.3496627807617187,120,67,0.0100000000000016,0.0,0.0200000000000014,0.0200000000000014,38.1,120,67,2.569835310297131,108.96212607187277,120,67
bulk,GOTZMANN_EPITHELIAL_TO_MESENCHYMAL_TRANSITION_UP,multi,3,0.0079508000053465,0.007149200013373,0.0095625999965704,0.001045899989549,0.3507080078125,120,67,0.0199999999999996,0.0,0.0199999999999996,0.0099999999999997,45.1,120,67,2.515470139677849,128.5970066132962,120,67
bulk,HOLLERN_EMT_BREAST_TUMOR_DN,multi,1,0.0022105999523773,0.0020211999653838,0.0032865999964997,0.000658500008285,0.551116943359375,120,115,0.0,0.0,0.0100000000000016,0.0100000000000016,37.0,120,115,0.0,67.13638628938479,120,115
bulk,HOLLERN_EMT_BREAST_TUMOR_DN,multi,2,0.004420300014317,0.0041799999889917,0.0047772999969311,0.0004541000234894,0.5529861450195312,120,115,0.0099999999999997,0.0,0.0199999999999996,0.0199999999999996,42.2,120,115,2.2622898824990374,76.31294270222541,120,115
bulk,HOLLERN_EMT_BREAST_TUMOR_DN,multi,3,0.0090473999734967,0.0076869000331498,0.0109508000314235,0.0024990999954752,0.5547637939453125,120,115,0.0099999999999997,0.0099999999999997,0.0199999999999996,1.77635683940025e-15,55.6,120,115,1.1052899207831566,100.2228346673268,120,115
bulk,HOLLERN_EMT_BREAST_TUMOR_UP,multi,1,0.0021492999512702,0.0020301999757066,0.0025494999717921,0.0002340999781154,0.5929489135742188,120,124,0.0,0.0,0.0,0.0,38.3,120,124,0.0,64.59241112211943,120,124
bulk,HOLLERN_EMT_BREAST_TUMOR_UP,multi,2,0.0045797000057064,0.0044328999938443,0.0069603000301867,0.0007982000242918,0.5949554443359375,120,124,0.0199999999999996,0.0099999999999997,0.0299999999999994,0.0099999999999997,44.9,120,124,4.367098276105246,75.46783616732066,120,124
bulk,HOLLERN_EMT_BREAST_TUMOR_UP,multi,3,0.0084623000002466,0.0079178999876603,0.0088474999647587,7.440004264935851e-05,0.5968704223632812,120,124,0.0299999999999994,0.0299999999999994,0.0500000000000007,0.0200000000000014,55.3,120,124,3.545135483157672,92.64992522337121,120,124
bulk,JECHLINGER_EPITHELIAL_TO_MESENCHYMAL_TRANSITION_UP,multi,1,0.0021337000071071,0.0020532000344246,0.0024901999859139,8.420000085607171e-05,0.3260650634765625,120,63,0.0,0.0,0.0,0.0,36.0,120,63,0.0,110.40741260704759,120,63
bulk,JECHLINGER_EPITHELIAL_TO_MESENCHYMAL_TRANSITION_UP,multi,2,0.004578499996569,0.0041943999822251,0.0053391000255942,0.000421600008849,0.3271408081054687,120,63,0.0,0.0,0.0300000000000011,0.0199999999999996,39.3,120,63,0.0,120.13175680402996,120,63
bulk,JECHLINGER_EPITHELIAL_TO_MESENCHYMAL_TRANSITION_UP,multi,3,0.0100788999698124,0.0081671999651007,0.0127460999647155,0.0019663000130094,0.328125,120,63,0.0199999999999996,0.0099999999999997,0.0299999999999994,0.0099999999999997,47.4,120,63,1.9843435354951604,144.45714285714286,120,63
bulk,ONDER_CDH1_TARGETS_2_DN,multi,1,0.0073237000033259,0.0068726000026799,0.0075469000148586,0.0002421999815851,3.0876922607421875,120,446,0.0399999999999991,0.0299999999999994,0.0500000000000007,0.0199999999999996,63.3,120,446,5.461720166286708,20.500747695881,120,446
bulk,ONDER_CDH1_TARGETS_2_DN,multi,2,0.0135618000058457,0.0131559000001288,0.014399699983187,0.00068320002174,3.8819503784179688,120,446,0.0600000000000023,0.0399999999999991,0.0799999999999983,0.0199999999999996,85.5,120,446,4.42419147710037,22.025011055098613,120,446
bulk,ONDER_CDH1_TARGETS_2_DN,multi,3,0.0195553000085055,0.0177032999927178,0.020751400035806,0.0008864000556059,3.8888092041015625,120,446,0.0799999999999983,0.0600000000000023,0.0899999999999999,3.5527136788005e-15,90.9,120,446,4.090962550572101,23.374764671953294,120,446
bulk,ZHANG_INTERFERON_RESPONSE,multi,1,0.0019138000207021,0.0016764000174589,0.0024509000359103,3.9899954572319984e-05,0.1099166870117187,120,22,0.0,0.0,0.0199999999999996,0.0,34.2,120,22,0.0,311.1447490803084,120,22
bulk,ZHANG_INTERFERON_RESPONSE,multi,2,0.0043651000014506,0.0040569999837316,0.0047787000075913,0.0004567999858409,0.1103668212890625,120,22,0.0,0.0,0.0199999999999996,0.0,35.7,120,22,0.0,323.466777270842,120,22
bulk,ZHANG_INTERFERON_RESPONSE,multi,3,0.0096758999861776,0.0079133000108413,0.0107052999665029,0.0013122999807819,0.1107254028320312,120,22,0.0,0.0,0.0199999999999996,0.0199999999999996,40.3,120,22,0.0,363.96345345552277,120,22
A549_TGFB1,Panchy_E,single,1,0.0180209000245668,0.0171348999720066,0.0187544000218622,0.0009830000344663,15.745834350585938,3568,182,0.130000000000003,0.120000000000001,0.16,0.0100000000000016,87.7,3568,182,7.213846135475026,5.569727081292234,3568,182
A549_TGFB1,Panchy_E,single,2,0.0300942999892868,0.0283366999938152,0.0310756999533623,0.0020884000114165,15.74872589111328,3568,182,0.84,0.640000000000001,0.949999999999999,0.0799999999999983,89.8,3568,182,27.912262464952818,5.702048573381578,3568,182
A549_TGFB1,Panchy_E,single,3,0.0417707000160589,0.0398475999827496,0.0426103000063449,0.0025327000184915,15.75152587890625,3568,182,1.47,1.27,1.75,0.379999999999999,103.4,3568,182,35.19213227058328,6.564443393923425,3568,182
A549_TGFB1,Panchy_M,single,1,0.0113408000324852,0.0104588000103831,0.0124218999990262,0.001240300014615,9.71770477294922,3568,113,0.0899999999999963,0.0799999999999983,0.100000000000001,7.105427357601e-15,102.6,3568,113,7.935948058531625,10.558048674786194,3568,113
A549_TGFB1,Panchy_M,single,2,0.0193574000149965,0.0176756000146269,0.0202804000000469,0.000670599984005,9.71954345703125,3568,113,0.469999999999999,0.309999999999995,0.580000000000005,0.0900000000000034,103.4,3568,113,24.280120245274784,10.638359760118057,3568,113
A549_TGFB1,Panchy_M,single,3,0.039017699949909,0.0361112999962642,0.0437208000221289,0.0038028999697417,9.721290588378906,3568,113,0.859999999999999,0.809999999999995,0.979999999999997,0.0399999999999991,103.4,3568,113,22.041278730014035,10.636447811117504,3568,113
A549_TGFB1,FOROUTAN_INTEGRATED_TGFB_EMT_UP,multi,1,0.0040672000031918,0.0037469000089913,0.00569760001963,0.0010319999419152,2.5316314697265625,3568,29,0.0300000000000011,0.009999999999998,0.0500000000000043,0.009999999999998,82.2,3568,29,7.376081819546155,32.469180835739216,3568,29
A549_TGFB1,FOROUTAN_INTEGRATED_TGFB_EMT_UP,multi,2,0.0093334999983198,0.0086916000000201,0.0123369999928399,0.0010021000052802,2.532188415527344,3568,29,0.0499999999999972,0.0499999999999972,0.0899999999999963,0.0300000000000011,90.3,3568,29,5.357047196549859,35.660853452405696,3568,29
A549_TGFB1,FOROUTAN_INTEGRATED_TGFB_EMT_UP,multi,3,0.0172336000250652,0.0140862999833188,0.0197826999938115,0.0019494000007398,2.53265380859375,3568,29,0.109999999999999,0.100000000000001,0.109999999999999,0.0,90.5,3568,29,6.382879946152332,35.73326906856248,3568,29
A549_TGFB1,FOROUTAN_PRODRANK_TGFB_EMT_UP,multi,1,0.0044443000224418,0.0037125999806448,0.0057558000553399,0.0008188000065274,2.7783737182617188,3568,32,0.0300000000000011,0.009999999999998,0.0399999999999991,0.0200000000000031,84.1,3568,32,6.750219348044467,30.269506023335445,3568,32
A549_TGFB1,FOROUTAN_PRODRANK_TGFB_EMT_UP,multi,2,0.0096809999668039,0.0084938000072725,0.0106923000421375,0.0002911000046879,2.7789764404296875,3568,32,0.0799999999999983,0.0599999999999952,0.100000000000001,0.029999999999994,90.1,3568,32,8.263609159623789,32.42200930140619,3568,32
A549_TGFB1,FOROUTAN_PRODRANK_TGFB_EMT_UP,multi,3,0.0161920000100508,0.0146903999848291,0.0180531000369228,0.0012378999963402,2.779487609863281,3568,32,0.119999999999997,0.109999999999999,0.130000000000003,0.0,90.6,3568,32,7.41106718907546,32.595935912251285,3568,32
A549_TGFB1,FOROUTAN_TGFB_EMT_DN,multi,1,0.0046856999979354,0.0045532999793067,0.0050939000211656,0.0002592999953776,3.354110717773437,3568,39,0.0499999999999972,0.0300000000000011,0.0499999999999972,0.009999999999998,89.5,3568,39,10.670764244836004,26.68367490844574,3568,39
A549_TGFB1,FOROUTAN_TGFB_EMT_DN,multi,2,0.0157342000165954,0.0134588999790139,0.0193515000282786,0.0015345999854616,3.354820251464844,3568,39,0.0899999999999963,0.0799999999999983,0.130000000000003,0.0200000000000031,90.5,3568,39,5.720023890955385,26.97610996013399,3568,39
A549_TGFB1,FOROUTAN_TGFB_EMT_DN,multi,3,0.0211909000063315,0.0195266000228002,0.023491500003729,0.0019331999938003,3.355438232421875,3568,39,0.159999999999997,0.140000000000001,0.170000000000002,0.0200000000000031,90.3,3568,39,7.550410787280936,26.91153695737192,3568,39
A549_TGFB1,FOROUTAN_TGFB_EMT_UP,multi,1,0.0037754000513814,0.0037058999878354,0.0053741000010631,7.329997606575489e-05,2.860458374023437,3568,33,0.029999999999994,0.0200000000000031,0.0300000000000011,7.105427357601e-15,85.8,3568,33,7.94617778029037,29.99519265134987,3568,33
A549_TGFB1,FOROUTAN_TGFB_EMT_UP,multi,2,0.0093685000319965,0.0086162000079639,0.0111202000407502,0.0001635000226087,2.8610763549804688,3568,33,0.0799999999999983,0.0600000000000023,0.100000000000001,0.0,90.6,3568,33,8.539253853527466,31.66640409379025,3568,33
A549_TGFB1,FOROUTAN_TGFB_EMT_UP,multi,3,0.0161470000166445,0.0154555999906733,0.017180900031235,0.0013918000040575,2.861602783203125,3568,33,0.109999999999999,0.100000000000001,0.160000000000004,0.009999999999998,90.5,3568,33,6.812410967152402,31.625633205003787,3568,33
A549_TGFB1,GOTZMANN_EPITHELIAL_TO_MESENCHYMAL_TRANSITION_UP,multi,1,0.0044378000311553,0.0037130000418983,0.0048706000088714,0.0005640999879688,0.8099899291992188,3568,8,0.009999999999998,0.0,0.0200000000000031,0.019999999999996,58.1,3568,8,2.2533687705154852,71.72928687822017,3568,8
A549_TGFB1,GOTZMANN_EPITHELIAL_TO_MESENCHYMAL_TRANSITION_UP,multi,2,0.0062123999814502,0.0060410000151023,0.0081692999810911,0.0014704999630339,0.8102264404296875,3568,8,0.0200000000000031,0.009999999999998,0.0399999999999991,0.0100000000000051,73.7,3568,8,3.2193677257938518,90.9622252773122,3568,8
A549_TGFB1,GOTZMANN_EPITHELIAL_TO_MESENCHYMAL_TRANSITION_UP,multi,3,0.0103067999589256,0.0097308000549674,0.0111303000012412,0.0001595000503584,0.8103713989257812,3568,8,0.029999999999994,0.0200000000000031,0.0399999999999991,7.105427357601e-15,87.4,3568,8,2.9106997438146895,107.8517826713238,3568,8
A549_TGFB1,HOLLERN_EMT_BREAST_TUMOR_DN,multi,1,0.0059754999820142,0.0057333000004291,0.0110287000425159,0.0035625000018626,3.7657394409179688,3568,44,0.0700000000000003,0.0399999999999991,0.0799999999999983,0.0200000000000031,89.5,3568,44,11.71450091384737,23.766912555740372,3568,44
A549_TGFB1,HOLLERN_EMT_BREAST_TUMOR_DN,multi,2,0.0143791000009514,0.0138036999851465,0.0155895000207237,0.0001423999783582,3.766525268554688,3568,44,0.140000000000001,0.119999999999997,0.170000000000002,0.0399999999999991,90.3,3568,44,9.736353456804519,23.97435130832148,3568,44
A549_TGFB1,HOLLERN_EMT_BREAST_TUMOR_DN,multi,3,0.0223583999904803,0.0208244999521411,0.0257049000356346,0.0011816999758593,3.7672195434570312,3568,44,0.229999999999997,0.199999999999996,0.25,0.0200000000000031,90.5,3568,44,10.28696150430826,24.02302253851435,3568,44
A549_TGFB1,HOLLERN_EMT_BREAST_TUMOR_UP,multi,1,0.0042491999920457,0.004152100009378,0.0050390999531373,0.0005098999827168,1.0554351806640625,3568,11,0.019999999999996,0.009999999999998,0.0200000000000031,0.0100000000000051,62.4,3568,11,4.706768341672561,59.12253177001258,3568,11
A549_TGFB1,HOLLERN_EMT_BREAST_TUMOR_UP,multi,2,0.0089173000305891,0.0082334999460726,0.0093445999664254,0.0005063000135123,1.0557174682617188,3568,11,0.0300000000000011,0.0300000000000011,0.0300000000000011,0.0,82.1,3568,11,3.364247013904636,77.76701860885275,3568,11
A549_TGFB1,HOLLERN_EMT_BREAST_TUMOR_UP,multi,3,0.0143955000094138,0.0109475000062957,0.0156302999821491,0.002812199993059,1.055908203125,3568,11,0.0399999999999991,0.0300000000000011,0.0500000000000043,0.019999999999996,91.1,3568,11,2.7786461028683602,86.27643930635837,3568,11
A549_TGFB1,JECHLINGER_EPITHELIAL_TO_MESENCHYMAL_TRANSITION_UP,multi,1,0.0042385999695397,0.0040824000025168,0.0070823000278323,0.0025441999896429,1.2193145751953125,3568,13,0.009999999999998,0.0,0.0300000000000011,0.0,68.2,3568,13,2.359269587095281,55.93306386014091,3568,13
A549_TGFB1,JECHLINGER_EPITHELIAL_TO_MESENCHYMAL_TRANSITION_UP,multi,2,0.0095987999811768,0.0089273999910801,0.0119667999679222,0.0007016999879851,1.2196273803710938,3568,13,0.0399999999999991,0.009999999999998,0.0500000000000043,0.019999999999996,90.8,3568,13,4.167187573284046,74.44896815318499,3568,13
A549_TGFB1,JECHLINGER_EPITHELIAL_TO_MESENCHYMAL_TRANSITION_UP,multi,3,0.0138617000193335,0.0132684999844059,0.0157184000127017,0.0022113000159151,1.2198486328125,3568,13,0.0499999999999972,0.0399999999999991,0.0599999999999952,7.105427357601e-15,90.9,3568,13,3.6070611779406625,74.51744220954669,3568,13
A549_TGFB1,ONDER_CDH1_TARGETS_2_DN,multi,1,0.0104164999793283,0.0092806000029668,0.0123244000133126,0.0016483999788761,7.984001159667969,3568,93,0.100000000000001,0.0900000000000034,0.109999999999999,0.019999999999996,88.3,3568,93,9.600153621509385,11.059617632078618,3568,93
A549_TGFB1,ONDER_CDH1_TARGETS_2_DN,multi,2,0.0187236000201664,0.0174245000234805,0.0187975000008009,2.979999408125877e-05,7.98553466796875,3568,93,0.359999999999999,0.300000000000004,0.390000000000001,0.0500000000000043,90.0,3568,93,19.227071696268784,11.270378721290175,3568,93
A549_TGFB1,ONDER_CDH1_TARGETS_2_DN,multi,3,0.0302426000125706,0.0277780999895185,0.0306188999675214,0.0021022000000812,7.986976623535156,3568,93,0.599999999999994,0.560000000000002,0.639999999999993,0.0100000000000051,90.0,3568,93,19.839564050399066,11.268343985732693,3568,93
A549_EGF,Panchy_E,single,1,0.0588739999802783,0.056655199965462,0.0656851000385358,0.0082302000373601,54.82030487060547,12435,184,0.660000000000011,0.640000000000001,0.719999999999999,0.0299999999999869,209.5,12435,184,11.210381496434739,3.8215767040057718,12435,184
A549_EGF,Panchy_E,single,2,0.080646299989894,0.079224899993278,0.0834572999738156,0.0036089000059291,54.82322692871094,12435,184,3.25,2.26000000000001,3.89,0.590000000000003,212.1,12435,184,40.2994309770847,3.8687981697210745,12435,184
A549_EGF,Panchy_E,single,3,0.1224031000165268,0.106635499978438,0.1418924000463448,0.032443499949295,54.82605743408203,12435,184,6.03,5.47,7.73999999999999,0.919999999999987,205.9,12435,184,49.26345819007716,3.755513521058045,12435,184
A549_EGF,Panchy_M,single,1,0.0279533000430092,0.0269493000232614,0.0285335999797098,0.0008300000336021,31.221095085144043,12435,105,0.439999999999998,0.390000000000015,0.450000000000017,0.0,205.0,12435,105,15.740538659943907,6.566073337304088,12435,105
A549_EGF,Panchy_M,single,2,0.0483707999810576,0.0469013000256381,0.0542714000330306,0.0004219000111334,31.22281169891357,12435,105,1.31,1.00999999999999,1.72999999999999,0.310000000000002,141.1,12435,105,27.082454714683376,4.5191317604785,12435,105
A549_EGF,Panchy_M,single,3,0.0741548999794758,0.0697153999935835,0.080248299986124,0.0041939000366255,31.22443675994873,12435,105,2.46000000000001,1.91,2.84,0.620000000000005,141.1,12435,105,33.17380241468704,4.518896564404567,12435,105
A549_EGF,FOROUTAN_INTEGRATED_TGFB_EMT_UP,multi,1,0.0082603999762795,0.0073318000067956,0.0108173000044189,0.0016111999866552,7.71711540222168,12435,26,0.150000000000006,0.139999999999986,0.169999999999987,0.0100000000000193,117.4,12435,26,18.158926980623797,15.212938239358417,12435,26
A549_EGF,FOROUTAN_INTEGRATED_TGFB_EMT_UP,multi,2,0.0163054000004194,0.0145295999827794,0.0229936999967321,0.0010011999984271,7.717626571655273,12435,26,0.22999999999999,0.210000000000008,0.280000000000001,0.039999999999992,99.7,12435,26,14.105756374825154,12.91847941518326,12435,26
A549_EGF,FOROUTAN_INTEGRATED_TGFB_EMT_UP,multi,3,0.0240425000083632,0.0194883999647572,0.0319652999751269,0.0027259999769739,7.718046188354492,12435,26,0.319999999999993,0.299999999999983,0.340000000000003,0.0099999999999909,99.7,12435,26,13.309763955024676,12.917777060006983,12435,26
A549_EGF,FOROUTAN_PRODRANK_TGFB_EMT_UP,multi,1,0.0088317000190727,0.0085434999782592,0.0097129000350832,0.0010302999871782,8.607932090759277,12435,29,0.200000000000017,0.170000000000016,0.349999999999994,0.0200000000000102,99.5,12435,29,22.645696702571694,11.559106060654742,12435,29
A549_EGF,FOROUTAN_PRODRANK_TGFB_EMT_UP,multi,2,0.0175250999745912,0.0158488000161014,0.0196648000273853,0.0023093000054359,8.608489036560059,12435,29,0.54000000000002,0.280000000000001,0.639999999999986,0.0500000000000114,99.7,12435,29,30.812948330277145,11.581591098806811,12435,29
A549_EGF,FOROUTAN_PRODRANK_TGFB_EMT_UP,multi,3,0.0275452000205405,0.0264852999825961,0.0300186999957077,0.0010690000490285,8.608954429626465,12435,29,0.70999999999998,0.599999999999994,0.830000000000013,0.129999999999967,99.8,12435,29,25.77581573089075,11.59258081986737,12435,29
A549_EGF,FOROUTAN_TGFB_EMT_DN,multi,1,0.0109626000048592,0.0105203999555669,0.0117920999764464,0.0004369999514892,11.281206130981444,12435,38,0.340000000000003,0.319999999999993,0.439999999999998,0.0300000000000296,99.5,12435,38,31.014540332521225,8.819978896294105,12435,38
A549_EGF,FOROUTAN_TGFB_EMT_DN,multi,2,0.0248165000230073,0.02234749996569,0.0275568999932147,0.0018009999766945,11.281900405883787,12435,38,0.340000000000003,0.29000000000002,0.639999999999986,0.259999999999991,99.6,12435,38,13.70056211330325,8.82829988005001,12435,38
A549_EGF,FOROUTAN_TGFB_EMT_DN,multi,3,0.0392280999803915,0.0382373000029474,0.0409419999923557,0.0002572999801486,11.282503128051758,12435,38,0.409999999999997,0.379999999999995,0.460000000000008,0.039999999999992,99.6,12435,38,10.451691522274567,8.82782826377986,12435,38
A549_EGF,FOROUTAN_TGFB_EMT_UP,multi,1,0.011134700034745,0.0100427000434137,0.0117943999939598,0.0009929999941959,8.904901504516602,12435,30,0.150000000000006,0.140000000000015,0.170000000000016,0.0199999999999818,98.1,12435,30,13.47140017530263,11.016404836172898,12435,30
A549_EGF,FOROUTAN_TGFB_EMT_UP,multi,2,0.0199813999934121,0.0185970999882556,0.0210263999761082,0.0008171999943442,8.905473709106445,12435,30,0.269999999999982,0.219999999999999,0.29000000000002,0.0300000000000011,99.7,12435,30,13.512566691473141,11.195361780480027,12435,30
A549_EGF,FOROUTAN_TGFB_EMT_UP,multi,3,0.0276975000160746,0.0254374999785795,0.0294233000022359,0.001516799966339,8.905954360961914,12435,30,0.379999999999995,0.320000000000022,0.390000000000015,0.0599999999999739,99.7,12435,30,13.719649779924438,11.194757569949147,12435,30
A549_EGF,GOTZMANN_EPITHELIAL_TO_MESENCHYMAL_TRANSITION_UP,multi,1,0.006686599983368,0.0062504000379703,0.008646200003568,0.0012248999555595,2.5012359619140625,12435,8,0.0600000000000023,0.0500000000000114,0.0800000000000125,0.0,99.7,12435,8,8.973170243358966,39.86029367805224,12435,8
A549_EGF,GOTZMANN_EPITHELIAL_TO_MESENCHYMAL_TRANSITION_UP,multi,2,0.0122984000481665,0.0119243999943137,0.0135672999895177,0.0003300000098533,2.5014724731445312,12435,8,0.0999999999999943,0.0799999999999841,0.0999999999999943,0.0099999999999909,90.1,12435,8,8.131138978106566,36.01878532236567,12435,8
A549_EGF,GOTZMANN_EPITHELIAL_TO_MESENCHYMAL_TRANSITION_UP,multi,3,0.0139989000163041,0.0136554999626241,0.0152030999888665,0.0002191000385209,2.501617431640625,12435,8,0.129999999999995,0.120000000000005,0.139999999999986,0.0,90.3,12435,8,9.286443924064598,36.096646456760155,12435,8
A549_EGF,HOLLERN_EMT_BREAST_TUMOR_DN,multi,1,0.0139223000151105,0.0129101000493392,0.0144764999859035,0.0008908999734558,12.469724655151367,12435,42,0.199999999999989,0.169999999999987,0.240000000000009,0.0300000000000011,89.4,12435,42,14.365442475950093,7.169364398360471,12435,42
A549_EGF,HOLLERN_EMT_BREAST_TUMOR_DN,multi,2,0.0248989999527111,0.0241951000061817,0.0272823999985121,0.0012674999888986,12.47047996520996,12435,42,0.360000000000014,0.340000000000003,0.469999999999999,0.0500000000000114,90.0,12435,42,14.45841201187744,7.217043790702623,12435,42
A549_EGF,HOLLERN_EMT_BREAST_TUMOR_DN,multi,3,0.0417568000266328,0.0332340999739244,0.0501454999903216,0.0126407999778166,12.47114372253418,12435,42,0.5,0.469999999999999,0.519999999999982,0.0199999999999818,89.9,12435,42,11.974097624365283,7.208641163966316,12435,42
A549_EGF,HOLLERN_EMT_BREAST_TUMOR_UP,multi,1,0.0095756000373512,0.0074197999783791,0.0103497999953106,0.001362600014545,3.35552978515625,12435,11,0.0799999999999841,0.0600000000000023,0.0800000000000125,0.0,89.9,12435,11,8.354567827387418,26.791596485803154,12435,11
A549_EGF,HOLLERN_EMT_BREAST_TUMOR_UP,multi,2,0.0113405000302009,0.0107457000412978,0.0117822999600321,0.0004649000475183,3.3558120727539062,12435,11,0.120000000000005,0.0900000000000034,0.140000000000015,0.0100000000000193,90.2,12435,11,10.581543995452833,26.878739942662662,12435,11
A549_EGF,HOLLERN_EMT_BREAST_TUMOR_UP,multi,3,0.0167985000298358,0.0148685999447479,0.0193336000083945,0.0031394000397995,3.3560028076171875,12435,11,0.140000000000015,0.129999999999995,0.180000000000007,0.0099999999999909,90.1,12435,11,8.334077432589881,26.84741496505849,12435,11
A549_EGF,JECHLINGER_EPITHELIAL_TO_MESENCHYMAL_TRANSITION_UP,multi,1,0.010197399999015,0.0092282000114209,0.0112626000191085,0.0008048000163398,3.9253082275390634,12435,13,0.0999999999999943,0.0900000000000034,0.129999999999995,0.0099999999999909,89.9,12435,13,9.80642124557766,22.902660068649435,12435,13
A549_EGF,JECHLINGER_EPITHELIAL_TO_MESENCHYMAL_TRANSITION_UP,multi,2,0.0191793999983929,0.0174229999538511,0.0229174999985843,0.002177899936214,3.925621032714844,12435,13,0.159999999999997,0.140000000000015,0.180000000000007,0.0199999999999818,90.1,12435,13,8.342283909475995,22.95178246935606,12435,13
A549_EGF,JECHLINGER_EPITHELIAL_TO_MESENCHYMAL_TRANSITION_UP,multi,3,0.0259275999851524,0.0247125999885611,0.0268719000159762,0.0002039999817498,3.92584228515625,12435,13,0.199999999999989,0.189999999999998,0.219999999999999,0.0099999999999909,90.1,12435,13,7.71378762841606,22.95048895384089,12435,13
A549_EGF,ONDER_CDH1_TARGETS_2_DN,multi,1,0.0279625999974086,0.0273275999934412,0.0312830000184476,0.0004648000467568,27.34680557250977,12435,92,0.5,0.480000000000018,0.650000000000006,0.0599999999999739,115.3,12435,92,17.88102680174007,4.216214566424705,12435,92
A549_EGF,ONDER_CDH1_TARGETS_2_DN,multi,2,0.0470923000248149,0.0454437999869696,0.0472746000159531,0.0008445999701507,27.348323822021484,12435,92,1.05000000000001,0.849999999999994,1.27000000000001,0.200000000000017,138.7,12435,92,22.29663871687561,5.071608808738604,12435,92
A549_EGF,ONDER_CDH1_TARGETS_2_DN,multi,3,0.0687927000108175,0.0669903999660164,0.0700655999826267,0.0025263999705202,27.349750518798828,12435,92,1.54000000000002,0.980000000000018,1.97,0.0600000000000023,138.8,12435,92,22.386096195640793,5.075000589295904,12435,92
A549_TNF,Panchy_E,single,1,0.0564692999469116,0.0538052999763749,0.0590732999844476,0.0028535000164993,56.908470153808594,12911,184,0.689999999999998,0.680000000000007,0.849999999999994,0.0300000000000011,189.2,12911,184,12.219028758080704,3.324636903586448,12911,184
A549_TNF,Panchy_E,single,2,0.0914572000037878,0.0906499000266194,0.0956341000273823,0.0005571999936364,56.91139221191406,12911,184,3.56,2.59,4.97,0.509999999999991,189.7,12911,184,38.92531151022072,3.333251790672016,12911,184
A549_TNF,Panchy_E,single,3,0.1201404000166803,0.1167860000277869,0.1250584999797865,0.0035018000053241,56.91422271728516,12911,184,4.94999999999999,4.80000000000001,6.37,0.660000000000025,223.1,12911,184,41.20179389541513,3.91993405775255,12911,184
A549_TNF,Panchy_M,single,1,0.0341578000225126,0.0313767000334337,0.0368307000026106,0.0019265000009909,32.41271114349365,12911,105,0.479999999999961,0.420000000000016,0.519999999999982,0.0299999999999727,201.3,12911,105,14.0524272547882,6.210526453922009,12911,105
A549_TNF,Panchy_M,single,2,0.0521611999720335,0.0507132000057026,0.0565688000060617,0.0029651999357156,32.414427757263184,12911,105,1.20999999999998,1.07999999999998,1.44,0.149999999999977,143.0,12911,105,23.197319092519493,4.411615749346605,12911,105
A549_TNF,Panchy_M,single,3,0.0750407999730669,0.0711566999671049,0.0757425000192597,0.0009528000373393,32.41605281829834,12911,105,2.01999999999998,1.97000000000003,2.44999999999999,0.149999999999977,143.1,12911,105,26.918689575870513,4.414479480340134,12911,105
A549_TNF,FOROUTAN_INTEGRATED_TGFB_EMT_UP,multi,1,0.0093663999577984,0.0089050999958999,0.0105463999789208,0.0004383999621495,8.320454597473145,12911,27,0.149999999999977,0.139999999999986,0.170000000000016,0.0099999999999909,142.3,12911,27,16.014690881856698,17.102430922850704,12911,27
A549_TNF,FOROUTAN_INTEGRATED_TGFB_EMT_UP,multi,2,0.020734799967613,0.0186438999953679,0.0212032000417821,0.0013601999962702,8.3209810256958,12911,27,0.240000000000009,0.199999999999989,0.269999999999982,0.0299999999999727,101.0,12911,27,11.57474392687078,12.137991865154431,12911,27
A549_TNF,FOROUTAN_INTEGRATED_TGFB_EMT_UP,multi,3,0.0259509999887086,0.0219665999757125,0.0320814999868162,0.0024684999953024,8.321415901184082,12911,27,0.349999999999966,0.28000000000003,0.390000000000043,0.0300000000000296,100.9,12911,27,13.486956192526401,12.125340350509655,12911,27
A549_TNF,FOROUTAN_PRODRANK_TGFB_EMT_UP,multi,1,0.0097463999991305,0.0094984000315889,0.01031659997534,0.0002823999966494,9.245363235473633,12911,30,0.149999999999977,0.120000000000005,0.170000000000016,0.019999999999925,99.7,12911,30,15.39029795753908,10.783783985626439,12911,30
A549_TNF,FOROUTAN_PRODRANK_TGFB_EMT_UP,multi,2,0.0193900000303983,0.018316000001505,0.0213203000021167,0.0012352999765425,9.245935440063477,12911,30,0.25,0.199999999999989,0.300000000000011,0.0399999999999636,100.8,12911,30,12.893243919962213,10.90208780425012,12911,30
A549_TNF,FOROUTAN_PRODRANK_TGFB_EMT_UP,multi,3,0.0294670999865047,0.0264488999964669,0.0310089000267907,0.0017576999962329,9.246416091918944,12911,30,0.359999999999957,0.32000000000005,0.420000000000016,0.0299999999999727,100.9,12911,30,12.217014913745475,10.912336087512134,12911,30
A549_TNF,FOROUTAN_TGFB_EMT_DN,multi,1,0.0124558000243268,0.011796000006143,0.0126056000008247,0.0005673000123351,11.712457656860352,12911,38,0.160000000000025,0.139999999999986,0.180000000000007,0.0100000000000477,100.8,12911,38,12.845421385020392,8.606221081273945,12911,38
A549_TNF,FOROUTAN_TGFB_EMT_DN,multi,2,0.0223316000192426,0.0218119999626651,0.023361399944406,0.0003486000350676,11.713151931762695,12911,38,0.269999999999982,0.25,0.360000000000014,0.0799999999999841,100.8,12911,38,12.090490594822112,8.605710963814909,12911,38
A549_TNF,FOROUTAN_TGFB_EMT_DN,multi,3,0.033065199968405,0.032145400007721,0.0347302000154741,0.0005704000359401,11.713754653930664,12911,38,0.390000000000043,0.360000000000014,0.560000000000002,0.0300000000000296,100.9,12911,38,11.794878009892642,8.61380513601094,12911,38
A549_TNF,FOROUTAN_TGFB_EMT_UP,multi,1,0.0106431999593041,0.0098466000054031,0.0127249999786727,0.0005862999823875,9.553696632385254,12911,31,0.139999999999986,0.139999999999986,0.149999999999977,5.6843418860808e-14,100.8,12911,31,13.153938715357915,10.550889763267838,12911,31
A549_TNF,FOROUTAN_TGFB_EMT_UP,multi,2,0.0207606999902054,0.0189508000039495,0.0211843000142835,0.0006565999938175,9.55428409576416,12911,31,0.289999999999964,0.25,0.330000000000041,0.0699999999999932,101.0,12911,31,13.968700483932711,10.571174039588984,12911,31
A549_TNF,FOROUTAN_TGFB_EMT_UP,multi,3,0.0317136999801732,0.0300792999914847,0.032395499991253,0.0008798000053502,9.554780006408691,12911,31,0.410000000000025,0.310000000000002,0.519999999999982,0.0600000000000023,101.1,12911,31,12.928166699450056,10.58109134194498,12911,31
A549_TNF,GOTZMANN_EPITHELIAL_TO_MESENCHYMAL_TRANSITION_UP,multi,1,0.0073246000101789,0.0061758999945595,0.0084717999561689,0.0008149000932462,2.592025756835937,12911,8,0.0600000000000023,0.0400000000000205,0.0699999999999932,0.0,100.3,12911,8,8.191573589905401,38.69560313414297,12911,8
A549_TNF,GOTZMANN_EPITHELIAL_TO_MESENCHYMAL_TRANSITION_UP,multi,2,0.0121976999798789,0.0102059000055305,0.0134984999895095,0.0016582999960519,2.5922622680664062,12911,8,0.0799999999999841,0.0799999999999841,0.100000000000023,5.6843418860808e-14,90.1,12911,8,6.558613519921839,34.7572855995032,12911,8
A549_TNF,GOTZMANN_EPITHELIAL_TO_MESENCHYMAL_TRANSITION_UP,multi,3,0.0159977999865077,0.0138795999810099,0.0178413999965414,0.0009826000314205,2.5924072265625,12911,8,0.0900000000000318,0.0799999999999841,0.100000000000023,5.6843418860808e-14,90.2,12911,8,5.6257735486089615,34.79391627819372,12911,8
A549_TNF,HOLLERN_EMT_BREAST_TUMOR_DN,multi,1,0.0157705000019632,0.0144978999742306,0.0173714999691583,0.0015131999971345,13.254887580871582,12911,43,0.200000000000045,0.169999999999959,0.260000000000048,0.0099999999999909,88.2,12911,43,12.681906088909539,6.6541492307549515,12911,43
A549_TNF,HOLLERN_EMT_BREAST_TUMOR_DN,multi,2,0.0271605000016279,0.0247866999707184,0.0312458000262267,0.0030176000436767,13.255658149719238,12911,43,0.389999999999986,0.360000000000014,0.430000000000007,0.0199999999999818,89.9,12911,43,14.359087644800754,6.7820095377085545,12911,43
A549_TNF,HOLLERN_EMT_BREAST_TUMOR_DN,multi,3,0.0361398999812081,0.0356119999778457,0.0374435999547131,0.0014157000696286,13.25633716583252,12911,43,0.560000000000002,0.550000000000011,0.610000000000014,0.0199999999999818,103.3,12911,43,15.495338954761605,7.792499444435531,12911,43
A549_TNF,HOLLERN_EMT_BREAST_TUMOR_UP,multi,1,0.0086541000055149,0.0074889999814331,0.0092203000094741,0.0013804000336676,3.47900390625,12911,11,0.07000000000005,0.0600000000000023,0.0800000000000409,0.0100000000000477,102.5,12911,11,8.088651616625864,29.462456140350877,12911,11
A549_TNF,HOLLERN_EMT_BREAST_TUMOR_UP,multi,2,0.0141948999953456,0.0132776999962516,0.0294624000089243,0.000818700005766,3.479286193847656,12911,11,0.100000000000023,0.089999999999975,0.110000000000014,0.0199999999999818,90.2,12911,11,7.044783692228353,25.92485785144627,12911,11
A549_TNF,HOLLERN_EMT_BREAST_TUMOR_UP,multi,3,0.0195602000458166,0.0185491999727673,0.0226992000243626,0.0022196000209078,3.479476928710937,12911,11,0.120000000000005,0.109999999999957,0.140000000000043,0.0199999999999818,90.1,12911,11,6.134906581677306,25.89469677368428,12911,11
A549_TNF,JECHLINGER_EPITHELIAL_TO_MESENCHYMAL_TRANSITION_UP,multi,1,0.0078909000148996,0.0075205999892205,0.0097633000114001,0.00090949999867,4.070571899414063,12911,13,0.0799999999999841,0.0600000000000023,0.089999999999975,0.0099999999999909,89.9,12911,13,10.138260508804835,22.085348747418173,12911,13
A549_TNF,JECHLINGER_EPITHELIAL_TO_MESENCHYMAL_TRANSITION_UP,multi,2,0.0140918000251986,0.0132836000411771,0.0151583999977447,0.0010757999843917,4.070884704589844,12911,13,0.120000000000005,0.110000000000014,0.149999999999977,0.0199999999999818,90.1,12911,13,8.51559061194624,22.13278108771147,12911,13
A549_TNF,JECHLINGER_EPITHELIAL_TO_MESENCHYMAL_TRANSITION_UP,multi,3,0.0208975000423379,0.0192382999812252,0.0230381999863311,0.0018466000328771,4.07110595703125,12911,13,0.189999999999998,0.149999999999977,0.20999999999998,0.0,90.1,12911,13,9.091996631896732,22.131578237207837,12911,13
A549_TNF,ONDER_CDH1_TARGETS_2_DN,multi,1,0.0299161999719217,0.0289584000129252,0.0383304000133648,0.0030228999676182,28.700167655944824,12911,93,0.420000000000016,0.390000000000043,0.470000000000027,0.0500000000000114,136.7,12911,93,14.039216223792238,4.763038377989564,12911,93
A549_TNF,ONDER_CDH1_TARGETS_2_DN,multi,2,0.0533467999775894,0.0508496999973431,0.0674414999666623,0.0016754000098444,28.701701164245605,12911,93,2.44,1.61000000000001,2.67000000000002,0.25,143.9,12911,93,45.738451060326504,5.013640103648618,12911,93
A549_TNF,ONDER_CDH1_TARGETS_2_DN,multi,3,0.0845573999686166,0.0803142999648116,0.095180700009223,0.0084390999982133,28.70314311981201,12911,93,2.64000000000004,1.89999999999998,3.16000000000003,1.04999999999995,144.0,12911,93,31.221395182206095,5.01687217315952,12911,93
